{"IRN": {"rank": 1, "total": 118, "value": 44.5791857572797}, "GHA": {"rank": 2, "total": 118, "value": 38.1069656296501}, "HTI": {"rank": 3, "total": 118, "value": 36.8135162780854}, "PAK": {"rank": 4, "total": 118, "value": 30.7681280657005}, "BDI": {"rank": 5, "total": 118, "value": 26.9414835762453}, "NGA": {"rank": 6, "total": 118, "value": 24.6595502031139}, "RWA": {"rank": 7, "total": 118, "value": 19.789546746467}, "HUN": {"rank": 8, "total": 118, "value": 17.1249659678737}, "GMB": {"rank": 9, "total": 118, "value": 16.9742129632327}, "KAZ": {"rank": 10, "total": 118, "value": 14.7249900200331}, "AGO": {"rank": 11, "total": 118, "value": 13.6441017767715}, "UKR": {"rank": 12, "total": 118, "value": 12.8490222828559}, "PLW": {"rank": 13, "total": 118, "value": 12.8199748216534}, "COL": {"rank": 14, "total": 118, "value": 11.7359044948689}, "POL": {"rank": 15, "total": 118, "value": 11.5289127961105}, "VUT": {"rank": 16, "total": 118, "value": 11.1825017088175}, "KGZ": {"rank": 17, "total": 118, "value": 10.7532770416742}, "CZE": {"rank": 18, "total": 118, "value": 10.6612601372426}, "ROU": {"rank": 19, "total": 118, "value": 10.3971874764996}, "UZB": {"rank": 20, "total": 118, "value": 9.95659071258018}, "BGD": {"rank": 21, "total": 118, "value": 9.8835030377921}, "BRB": {"rank": 22, "total": 118, "value": 9.79207077126447}, "BGR": {"rank": 23, "total": 118, "value": 9.44284140088564}, "DZA": {"rank": 24, "total": 118, "value": 9.32217375928322}, "KIR": {"rank": 25, "total": 118, "value": 9.28307374517721}, "AZE": {"rank": 26, "total": 118, "value": 8.78543049849081}, "ISL": {"rank": 27, "total": 118, "value": 8.73630299937298}, "NIC": {"rank": 28, "total": 118, "value": 8.38765854872536}, "HRV": {"rank": 29, "total": 118, "value": 7.9412817758683}, "PSS": {"rank": 30, "total": 118, "value": 7.92164684826777}, "WSM": {"rank": 31, "total": 118, "value": 7.92164684826777}, "AUT": {"rank": 32, "total": 118, "value": 7.81413417002832}, "GIN": {"rank": 33, "total": 118, "value": 7.80497591927973}, "KEN": {"rank": 34, "total": 118, "value": 7.67139634029402}, "CHL": {"rank": 35, "total": 118, "value": 7.58168251407962}, "CMR": {"rank": 36, "total": 118, "value": 7.38281384280984}, "HPC": {"rank": 37, "total": 118, "value": 7.12697482131851}, "IDX": {"rank": 38, "total": 118, "value": 7.11475951738199}, "NPL": {"rank": 39, "total": 118, "value": 7.11475951738199}, "GBR": {"rank": 40, "total": 118, "value": 6.79396706793963}, "HND": {"rank": 41, "total": 118, "value": 6.66325180347457}, "PRE": {"rank": 42, "total": 118, "value": 6.53322640452533}, "JAM": {"rank": 43, "total": 118, "value": 6.47413734662063}, "PER": {"rank": 44, "total": 118, "value": 6.45561348369586}, "IRL": {"rank": 45, "total": 118, "value": 6.29942487419125}, "FIN": {"rank": 46, "total": 118, "value": 6.25064322154763}, "GTM": {"rank": 47, "total": 118, "value": 6.20657592272126}, "BIH": {"rank": 48, "total": 118, "value": 6.1059011284828}, "PHL": {"rank": 49, "total": 118, "value": 5.97802515541409}, "DEU": {"rank": 50, "total": 118, "value": 5.94643667725823}, "NAM": {"rank": 51, "total": 118, "value": 5.87993463284275}, "PSE": {"rank": 52, "total": 118, "value": 5.87110177678988}, "URY": {"rank": 53, "total": 118, "value": 5.86910359896119}, "NZL": {"rank": 54, "total": 118, "value": 5.73316283034957}, "IND": {"rank": 55, "total": 118, "value": 5.64914318907925}, "ITA": {"rank": 56, "total": 118, "value": 5.62219442195901}, "AUS": {"rank": 57, "total": 118, "value": 5.5970149253731}, "NOR": {"rank": 58, "total": 118, "value": 5.51784987104659}, "UGA": {"rank": 59, "total": 118, "value": 5.35094804280395}, "BWA": {"rank": 60, "total": 118, "value": 5.0676154934383}, "ATG": {"rank": 61, "total": 118, "value": 5.06713865364213}, "BLR": {"rank": 62, "total": 118, "value": 5.0005990309131}, "FRA": {"rank": 63, "total": 118, "value": 4.87835726508441}, "DOM": {"rank": 64, "total": 118, "value": 4.78561281021135}, "ALB": {"rank": 65, "total": 118, "value": 4.75976421930106}, "PRY": {"rank": 66, "total": 118, "value": 4.63202285403356}, "BRA": {"rank": 67, "total": 118, "value": 4.59356282283204}, "VCT": {"rank": 68, "total": 118, "value": 4.56457719814894}, "IDB": {"rank": 69, "total": 118, "value": 4.47720868651284}, "BLZ": {"rank": 70, "total": 118, "value": 4.38984017487675}, "CIV": {"rank": 71, "total": 118, "value": 4.38711707003279}, "IRQ": {"rank": 72, "total": 118, "value": 4.35835351089586}, "PRT": {"rank": 73, "total": 118, "value": 4.31128191898672}, "COG": {"rank": 74, "total": 118, "value": 4.30174563591016}, "BTN": {"rank": 75, "total": 118, "value": 4.22934419929251}, "DMA": {"rank": 76, "total": 118, "value": 4.22769324983409}, "ISR": {"rank": 77, "total": 118, "value": 4.22535211267609}, "USA": {"rank": 78, "total": 118, "value": 4.11633838374488}, "BEL": {"rank": 79, "total": 118, "value": 4.04901077613941}, "CAN": {"rank": 80, "total": 118, "value": 3.87900159788426}, "NLD": {"rank": 81, "total": 118, "value": 3.83839354342808}, "CPV": {"rank": 82, "total": 118, "value": 3.72437517668748}, "NER": {"rank": 83, "total": 118, "value": 3.70097316425834}, "IDN": {"rank": 84, "total": 118, "value": 3.67013142377007}, "KWT": {"rank": 85, "total": 118, "value": 3.64216403030709}, "GAB": {"rank": 86, "total": 118, "value": 3.62901534185376}, "KOR": {"rank": 87, "total": 118, "value": 3.5974562502901}, "KNA": {"rank": 88, "total": 118, "value": 3.55711230848243}, "CYP": {"rank": 89, "total": 118, "value": 3.54134188751663}, "GRC": {"rank": 90, "total": 118, "value": 3.46480128513405}, "DNK": {"rank": 91, "total": 118, "value": 3.30517811237606}, "JPN": {"rank": 92, "total": 118, "value": 3.26813365933163}, "VNM": {"rank": 93, "total": 118, "value": 3.25289282667662}, "BHS": {"rank": 94, "total": 118, "value": 3.05291578969743}, "QAT": {"rank": 95, "total": 118, "value": 3.02764899198902}, "CAF": {"rank": 96, "total": 118, "value": 2.97913852618937}, "GUY": {"rank": 97, "total": 118, "value": 2.82110335099641}, "BEN": {"rank": 98, "total": 118, "value": 2.73102465280233}, "GRD": {"rank": 99, "total": 118, "value": 2.69612269814564}, "BOL": {"rank": 100, "total": 118, "value": 2.57688800489192}, "GEO": {"rank": 101, "total": 118, "value": 2.48776056578715}, "PNG": {"rank": 102, "total": 118, "value": 2.29869991296791}, "FJI": {"rank": 103, "total": 118, "value": 2.14817440623896}, "CHE": {"rank": 104, "total": 118, "value": 2.13540088016377}, "KHM": {"rank": 105, "total": 118, "value": 2.12746796594194}, "HKG": {"rank": 106, "total": 118, "value": 2.09660511249089}, "JOR": {"rank": 107, "total": 118, "value": 2.08486986327134}, "ARM": {"rank": 108, "total": 118, "value": 1.98041877615554}, "ARE": {"rank": 109, "total": 118, "value": 1.62670837213248}, "DJI": {"rank": 110, "total": 118, "value": 1.49506816515088}, "PAN": {"rank": 111, "total": 118, "value": 1.48641355277038}, "OMN": {"rank": 112, "total": 118, "value": 0.950782997762827}, "BFA": {"rank": 113, "total": 118, "value": 0.742910428668841}, "CRI": {"rank": 114, "total": 118, "value": 0.525193508693455}, "BRN": {"rank": 115, "total": 118, "value": 0.35706431153689}, "CHN": {"rank": 116, "total": 118, "value": 0.234836828893051}, "BHR": {"rank": 117, "total": 118, "value": 0.0746206782192256}, "AFG": {"rank": 118, "total": 118, "value": -4.64470870797775}}