{"AGO": {"rank": 1, "total": 84, "value": 28.2404948915772}, "GHA": {"rank": 2, "total": 84, "value": 22.8483281157842}, "BDI": {"rank": 3, "total": 84, "value": 20.2124925027847}, "PAK": {"rank": 4, "total": 84, "value": 12.6325318530452}, "BGD": {"rank": 5, "total": 84, "value": 10.4657482763412}, "UZB": {"rank": 6, "total": 84, "value": 9.62825465956682}, "NER": {"rank": 7, "total": 84, "value": 9.07151997725013}, "GIN": {"rank": 8, "total": 84, "value": 8.12313914948596}, "COL": {"rank": 9, "total": 84, "value": 6.60908593728228}, "UKR": {"rank": 10, "total": 84, "value": 6.50198464669254}, "ISL": {"rank": 11, "total": 84, "value": 5.85683849970066}, "BLR": {"rank": 12, "total": 84, "value": 5.78531910428}, "JAM": {"rank": 13, "total": 84, "value": 5.41194447981659}, "BOL": {"rank": 14, "total": 84, "value": 5.09976568317427}, "IND": {"rank": 15, "total": 84, "value": 4.95303550973656}, "KAZ": {"rank": 16, "total": 84, "value": 4.85655589318192}, "URY": {"rank": 17, "total": 84, "value": 4.84914366613156}, "NIC": {"rank": 18, "total": 84, "value": 4.62473841057141}, "HND": {"rank": 19, "total": 84, "value": 4.60621098127107}, "KEN": {"rank": 20, "total": 84, "value": 4.48978854243448}, "BRA": {"rank": 21, "total": 84, "value": 4.36746407652337}, "CHL": {"rank": 22, "total": 84, "value": 4.29763891572524}, "NAM": {"rank": 23, "total": 84, "value": 4.23903922877036}, "BFA": {"rank": 24, "total": 84, "value": 4.19113446375394}, "DZA": {"rank": 25, "total": 84, "value": 4.04611455313434}, "PRY": {"rank": 26, "total": 84, "value": 3.83540271728533}, "POL": {"rank": 27, "total": 84, "value": 3.7842600751287}, "HUN": {"rank": 28, "total": 84, "value": 3.70370370370369}, "VCT": {"rank": 29, "total": 84, "value": 3.62770736940927}, "VNM": {"rank": 30, "total": 84, "value": 3.62109273885843}, "CIV": {"rank": 31, "total": 84, "value": 3.46637314660165}, "NLD": {"rank": 32, "total": 84, "value": 3.34754304219953}, "UGA": {"rank": 33, "total": 84, "value": 3.3233806708656}, "DOM": {"rank": 34, "total": 84, "value": 3.30223338951227}, "BLZ": {"rank": 35, "total": 84, "value": 3.28955985952768}, "GBR": {"rank": 36, "total": 84, "value": 3.2715729463592}, "PHL": {"rank": 37, "total": 84, "value": 3.21260487006347}, "AUS": {"rank": 38, "total": 84, "value": 3.1616142830575}, "NOR": {"rank": 39, "total": 84, "value": 3.14530134431073}, "BEL": {"rank": 40, "total": 84, "value": 3.14349136500041}, "ISR": {"rank": 41, "total": 84, "value": 3.07052614744924}, "USA": {"rank": 42, "total": 84, "value": 2.94952520485207}, "AUT": {"rank": 43, "total": 84, "value": 2.93791574279383}, "NZL": {"rank": 44, "total": 84, "value": 2.92279782301957}, "GUY": {"rank": 45, "total": 84, "value": 2.90395226446373}, "KWT": {"rank": 46, "total": 84, "value": 2.89855072463762}, "GTM": {"rank": 47, "total": 84, "value": 2.86919482222022}, "BWA": {"rank": 48, "total": 84, "value": 2.81835131676251}, "BTN": {"rank": 49, "total": 84, "value": 2.76131569624098}, "GRC": {"rank": 50, "total": 84, "value": 2.74149045788606}, "JPN": {"rank": 51, "total": 84, "value": 2.73853681635241}, "BGR": {"rank": 52, "total": 84, "value": 2.44651943006079}, "CZE": {"rank": 53, "total": 84, "value": 2.43531202435314}, "PRT": {"rank": 54, "total": 84, "value": 2.41613187791884}, "CAN": {"rank": 55, "total": 84, "value": 2.38158383281173}, "KOR": {"rank": 56, "total": 84, "value": 2.32174328643542}, "DEU": {"rank": 57, "total": 84, "value": 2.2564981433876}, "PLW": {"rank": 58, "total": 84, "value": 2.23172772921704}, "ALB": {"rank": 59, "total": 84, "value": 2.21448953273294}, "AZE": {"rank": 60, "total": 84, "value": 2.21217188919901}, "WSM": {"rank": 61, "total": 84, "value": 2.17245530514377}, "IRL": {"rank": 62, "total": 84, "value": 2.11344999577317}, "PER": {"rank": 63, "total": 84, "value": 2.00770739412712}, "FRA": {"rank": 64, "total": 84, "value": 1.99904942291463}, "CYP": {"rank": 65, "total": 84, "value": 1.80023018624815}, "RWA": {"rank": 66, "total": 84, "value": 1.77029240198635}, "HKG": {"rank": 67, "total": 84, "value": 1.72972119105914}, "BIH": {"rank": 68, "total": 84, "value": 1.69212733599724}, "FIN": {"rank": 69, "total": 84, "value": 1.56568906231616}, "DNK": {"rank": 70, "total": 84, "value": 1.37220049768918}, "QAT": {"rank": 71, "total": 84, "value": 1.26734310292375}, "GAB": {"rank": 72, "total": 84, "value": 1.17311998381218}, "GEO": {"rank": 73, "total": 84, "value": 1.10971758022096}, "CHE": {"rank": 74, "total": 84, "value": 1.06234041976595}, "ITA": {"rank": 75, "total": 84, "value": 0.982373023061417}, "BHR": {"rank": 76, "total": 84, "value": 0.919635459817651}, "PAN": {"rank": 77, "total": 84, "value": 0.685197879812108}, "PNG": {"rank": 78, "total": 84, "value": 0.602403921107917}, "ARM": {"rank": 79, "total": 84, "value": 0.269511978259125}, "CHN": {"rank": 80, "total": 84, "value": 0.218128938439177}, "BRN": {"rank": 81, "total": 84, "value": -0.388674165036461}, "CRI": {"rank": 82, "total": 84, "value": -0.41345934225229}, "ROU": {"rank": 83, "total": 84, "value": -4.5191101423114}, "AFG": {"rank": 84, "total": 84, "value": -6.60118564073726}}